{
  "Read Genre" : {
    "transaction" : "Read Genre",
    "sampleCount" : 10672,
    "errorCount" : 0,
    "errorPct" : 0.0,
    "meanResTime" : 7.177754872563697,
    "medianResTime" : 4.0,
    "minResTime" : 2.0,
    "maxResTime" : 183.0,
    "pct1ResTime" : 10.0,
    "pct2ResTime" : 25.0,
    "pct3ResTime" : 70.27000000000044,
    "throughput" : 110.26615969581749,
    "receivedKBytesPerSec" : 1589.3833174904942,
    "sentKBytesPerSec" : 13.890951758555133
  },
  "Total" : {
    "transaction" : "Total",
    "sampleCount" : 84787,
    "errorCount" : 0,
    "errorPct" : 0.0,
    "meanResTime" : 4.645004540790461,
    "medianResTime" : 2.0,
    "minResTime" : 1.0,
    "maxResTime" : 586.0,
    "pct1ResTime" : 4.0,
    "pct2ResTime" : 5.0,
    "pct3ResTime" : 19.0,
    "throughput" : 870.3154350704674,
    "receivedKBytesPerSec" : 4750.610270116299,
    "sentKBytesPerSec" : 164.5634668090042
  },
  "Update Playlist Name" : {
    "transaction" : "Update Playlist Name",
    "sampleCount" : 10370,
    "errorCount" : 0,
    "errorPct" : 0.0,
    "meanResTime" : 2.49836065573771,
    "medianResTime" : 2.0,
    "minResTime" : 1.0,
    "maxResTime" : 89.0,
    "pct1ResTime" : 3.0,
    "pct2ResTime" : 5.0,
    "pct3ResTime" : 15.0,
    "throughput" : 107.45668573323385,
    "receivedKBytesPerSec" : 42.4829277640046,
    "sentKBytesPerSec" : 37.02614294161382
  },
  "Delete Playlist" : {
    "transaction" : "Delete Playlist",
    "sampleCount" : 10366,
    "errorCount" : 0,
    "errorPct" : 0.0,
    "meanResTime" : 2.393594443372561,
    "medianResTime" : 2.0,
    "minResTime" : 1.0,
    "maxResTime" : 119.0,
    "pct1ResTime" : 3.0,
    "pct2ResTime" : 4.0,
    "pct3ResTime" : 14.0,
    "throughput" : 107.43193524650478,
    "receivedKBytesPerSec" : 20.038573859455482,
    "sentKBytesPerSec" : 23.391611511415807
  },
  "Read Playlist" : {
    "transaction" : "Read Playlist",
    "sampleCount" : 10667,
    "errorCount" : 0,
    "errorPct" : 0.0,
    "meanResTime" : 4.449329708446621,
    "medianResTime" : 2.0,
    "minResTime" : 1.0,
    "maxResTime" : 586.0,
    "pct1ResTime" : 5.0,
    "pct2ResTime" : 12.0,
    "pct3ResTime" : 50.31999999999971,
    "throughput" : 110.31251939026662,
    "receivedKBytesPerSec" : 194.55508790900538,
    "sentKBytesPerSec" : 14.219973202651556
  },
  "Login" : {
    "transaction" : "Login",
    "sampleCount" : 10692,
    "errorCount" : 0,
    "errorPct" : 0.0,
    "meanResTime" : 5.767676767676756,
    "medianResTime" : 4.0,
    "minResTime" : 2.0,
    "maxResTime" : 425.0,
    "pct1ResTime" : 6.0,
    "pct2ResTime" : 12.0,
    "pct3ResTime" : 53.0,
    "throughput" : 109.75835095571479,
    "receivedKBytesPerSec" : 684.8106486875603,
    "sentKBytesPerSec" : 13.719793869464349
  },
  "Read Artist" : {
    "transaction" : "Read Artist",
    "sampleCount" : 10684,
    "errorCount" : 0,
    "errorPct" : 0.0,
    "meanResTime" : 6.815050542867857,
    "medianResTime" : 4.0,
    "minResTime" : 2.0,
    "maxResTime" : 466.0,
    "pct1ResTime" : 8.0,
    "pct2ResTime" : 21.0,
    "pct3ResTime" : 61.0,
    "throughput" : 110.22046155592007,
    "receivedKBytesPerSec" : 1633.9322328309242,
    "sentKBytesPerSec" : 13.992832033466414
  },
  "Read Album" : {
    "transaction" : "Read Album",
    "sampleCount" : 10676,
    "errorCount" : 0,
    "errorPct" : 0.0,
    "meanResTime" : 5.643967778194079,
    "medianResTime" : 3.0,
    "minResTime" : 1.0,
    "maxResTime" : 458.0,
    "pct1ResTime" : 6.0,
    "pct2ResTime" : 15.0,
    "pct3ResTime" : 58.22999999999956,
    "throughput" : 110.19704586038543,
    "receivedKBytesPerSec" : 567.8806748098182,
    "sentKBytesPerSec" : 13.88224503514621
  },
  "Create Playlist" : {
    "transaction" : "Create Playlist",
    "sampleCount" : 10660,
    "errorCount" : 0,
    "errorPct" : 0.0,
    "meanResTime" : 2.2813320825515944,
    "medianResTime" : 2.0,
    "minResTime" : 1.0,
    "maxResTime" : 160.0,
    "pct1ResTime" : 3.0,
    "pct2ResTime" : 4.0,
    "pct3ResTime" : 14.0,
    "throughput" : 110.2925961180317,
    "receivedKBytesPerSec" : 41.665154449080205,
    "sentKBytesPerSec" : 35.63791319307929
  }
}