{
  "Read Genre" : {
    "transaction" : "Read Genre",
    "sampleCount" : 15274,
    "errorCount" : 0,
    "errorPct" : 0.0,
    "meanResTime" : 7.569268037187395,
    "medianResTime" : 4.0,
    "minResTime" : 2.0,
    "maxResTime" : 586.0,
    "pct1ResTime" : 12.0,
    "pct2ResTime" : 26.0,
    "pct3ResTime" : 61.0,
    "throughput" : 118.49863455809334,
    "receivedKBytesPerSec" : 1708.0467246850176,
    "sentKBytesPerSec" : 14.928050642572307
  },
  "Total" : {
    "transaction" : "Total",
    "sampleCount" : 121990,
    "errorCount" : 0,
    "errorPct" : 0.0,
    "meanResTime" : 4.709508976145472,
    "medianResTime" : 3.0,
    "minResTime" : 1.0,
    "maxResTime" : 586.0,
    "pct1ResTime" : 6.0,
    "pct2ResTime" : 10.0,
    "pct3ResTime" : 33.0,
    "throughput" : 936.885598427132,
    "receivedKBytesPerSec" : 5085.599474134654,
    "sentKBytesPerSec" : 177.94397053656456
  },
  "Update Playlist Name" : {
    "transaction" : "Update Playlist Name",
    "sampleCount" : 15176,
    "errorCount" : 0,
    "errorPct" : 0.0,
    "meanResTime" : 2.518054823405372,
    "medianResTime" : 2.0,
    "minResTime" : 1.0,
    "maxResTime" : 140.0,
    "pct1ResTime" : 3.0,
    "pct2ResTime" : 5.0,
    "pct3ResTime" : 13.0,
    "throughput" : 118.15817748641368,
    "receivedKBytesPerSec" : 46.856356520266594,
    "sentKBytesPerSec" : 40.856136569784645
  },
  "Delete Playlist" : {
    "transaction" : "Delete Playlist",
    "sampleCount" : 15175,
    "errorCount" : 0,
    "errorPct" : 0.0,
    "meanResTime" : 2.354200988467878,
    "medianResTime" : 2.0,
    "minResTime" : 1.0,
    "maxResTime" : 171.0,
    "pct1ResTime" : 3.0,
    "pct2ResTime" : 4.0,
    "pct3ResTime" : 11.0,
    "throughput" : 118.17891547968568,
    "receivedKBytesPerSec" : 22.043137555292933,
    "sentKBytesPerSec" : 25.7672655355627
  },
  "Read Playlist" : {
    "transaction" : "Read Playlist",
    "sampleCount" : 15271,
    "errorCount" : 0,
    "errorPct" : 0.0,
    "meanResTime" : 4.50553336389235,
    "medianResTime" : 3.0,
    "minResTime" : 1.0,
    "maxResTime" : 383.0,
    "pct1ResTime" : 6.0,
    "pct2ResTime" : 13.0,
    "pct3ResTime" : 42.0,
    "throughput" : 118.56918800565245,
    "receivedKBytesPerSec" : 209.1171421271565,
    "sentKBytesPerSec" : 15.284309391353633
  },
  "Login" : {
    "transaction" : "Login",
    "sampleCount" : 15275,
    "errorCount" : 0,
    "errorPct" : 0.0,
    "meanResTime" : 5.718625204582658,
    "medianResTime" : 4.0,
    "minResTime" : 2.0,
    "maxResTime" : 519.0,
    "pct1ResTime" : 6.0,
    "pct2ResTime" : 11.0,
    "pct3ResTime" : 44.0,
    "throughput" : 117.81447401911257,
    "receivedKBytesPerSec" : 735.0748774493263,
    "sentKBytesPerSec" : 14.72680925238907
  },
  "Read Artist" : {
    "transaction" : "Read Artist",
    "sampleCount" : 15275,
    "errorCount" : 0,
    "errorPct" : 0.0,
    "meanResTime" : 6.835351882160376,
    "medianResTime" : 4.0,
    "minResTime" : 2.0,
    "maxResTime" : 381.0,
    "pct1ResTime" : 9.0,
    "pct2ResTime" : 20.0,
    "pct3ResTime" : 57.23999999999978,
    "throughput" : 118.33104805286357,
    "receivedKBytesPerSec" : 1754.1653412524113,
    "sentKBytesPerSec" : 15.022496334836196
  },
  "Read Album" : {
    "transaction" : "Read Album",
    "sampleCount" : 15274,
    "errorCount" : 0,
    "errorPct" : 0.0,
    "meanResTime" : 5.7965824276548465,
    "medianResTime" : 3.0,
    "minResTime" : 2.0,
    "maxResTime" : 269.0,
    "pct1ResTime" : 8.0,
    "pct2ResTime" : 17.0,
    "pct3ResTime" : 50.0,
    "throughput" : 118.3874993217948,
    "receivedKBytesPerSec" : 610.0887050010851,
    "sentKBytesPerSec" : 14.91405020753079
  },
  "Create Playlist" : {
    "transaction" : "Create Playlist",
    "sampleCount" : 15270,
    "errorCount" : 0,
    "errorPct" : 0.0,
    "meanResTime" : 2.3482645710543473,
    "medianResTime" : 2.0,
    "minResTime" : 1.0,
    "maxResTime" : 204.0,
    "pct1ResTime" : 3.0,
    "pct2ResTime" : 5.0,
    "pct3ResTime" : 14.0,
    "throughput" : 118.19434339055994,
    "receivedKBytesPerSec" : 44.79514274559965,
    "sentKBytesPerSec" : 38.29982369053517
  }
}