{
  "Read Genre" : {
    "transaction" : "Read Genre",
    "sampleCount" : 14654,
    "errorCount" : 0,
    "errorPct" : 0.0,
    "meanResTime" : 7.938651562713288,
    "medianResTime" : 4.0,
    "minResTime" : 2.0,
    "maxResTime" : 373.0,
    "pct1ResTime" : 12.0,
    "pct2ResTime" : 27.0,
    "pct3ResTime" : 71.45000000000073,
    "throughput" : 113.25975391083905,
    "receivedKBytesPerSec" : 1632.5331716054536,
    "sentKBytesPerSec" : 14.268074467283437
  },
  "Total" : {
    "transaction" : "Total",
    "sampleCount" : 117041,
    "errorCount" : 494,
    "errorPct" : 0.42207432,
    "meanResTime" : 5.1118155176391165,
    "medianResTime" : 3.0,
    "minResTime" : 1.0,
    "maxResTime" : 547.0,
    "pct1ResTime" : 7.0,
    "pct2ResTime" : 14.0,
    "pct3ResTime" : 52.0,
    "throughput" : 902.5648539436751,
    "receivedKBytesPerSec" : 4924.095098975042,
    "sentKBytesPerSec" : 167.9897232453384
  },
  "Update Playlist Name" : {
    "transaction" : "Update Playlist Name",
    "sampleCount" : 14560,
    "errorCount" : 135,
    "errorPct" : 0.9271978,
    "meanResTime" : 2.616826923076918,
    "medianResTime" : 2.0,
    "minResTime" : 1.0,
    "maxResTime" : 70.0,
    "pct1ResTime" : 4.0,
    "pct2ResTime" : 5.0,
    "pct3ResTime" : 17.0,
    "throughput" : 112.4993239223322,
    "receivedKBytesPerSec" : 42.09571943839194,
    "sentKBytesPerSec" : 36.35841569408065
  },
  "Delete Playlist" : {
    "transaction" : "Delete Playlist",
    "sampleCount" : 14559,
    "errorCount" : 134,
    "errorPct" : 0.9203929,
    "meanResTime" : 2.4542207569201384,
    "medianResTime" : 2.0,
    "minResTime" : 1.0,
    "maxResTime" : 85.0,
    "pct1ResTime" : 3.0,
    "pct2ResTime" : 4.0,
    "pct3ResTime" : 13.0,
    "throughput" : 112.62996658002228,
    "receivedKBytesPerSec" : 21.22072034992341,
    "sentKBytesPerSec" : 24.74172133917796
  },
  "Read Playlist" : {
    "transaction" : "Read Playlist",
    "sampleCount" : 14652,
    "errorCount" : 0,
    "errorPct" : 0.0,
    "meanResTime" : 4.96867321867324,
    "medianResTime" : 3.0,
    "minResTime" : 1.0,
    "maxResTime" : 547.0,
    "pct1ResTime" : 6.0,
    "pct2ResTime" : 14.0,
    "pct3ResTime" : 51.469999999999345,
    "throughput" : 113.26092838093766,
    "receivedKBytesPerSec" : 199.75511392184902,
    "sentKBytesPerSec" : 14.600041549105244
  },
  "Login" : {
    "transaction" : "Login",
    "sampleCount" : 14656,
    "errorCount" : 0,
    "errorPct" : 0.0,
    "meanResTime" : 6.107464519650657,
    "medianResTime" : 4.0,
    "minResTime" : 2.0,
    "maxResTime" : 340.0,
    "pct1ResTime" : 7.0,
    "pct2ResTime" : 13.0,
    "pct3ResTime" : 56.0,
    "throughput" : 113.1265727032743,
    "receivedKBytesPerSec" : 705.8258525402534,
    "sentKBytesPerSec" : 14.140821587909288
  },
  "Read Artist" : {
    "transaction" : "Read Artist",
    "sampleCount" : 14655,
    "errorCount" : 0,
    "errorPct" : 0.0,
    "meanResTime" : 7.811531900375299,
    "medianResTime" : 4.0,
    "minResTime" : 2.0,
    "maxResTime" : 322.0,
    "pct1ResTime" : 10.0,
    "pct2ResTime" : 27.0,
    "pct3ResTime" : 73.0,
    "throughput" : 113.22722707254887,
    "receivedKBytesPerSec" : 1678.5051825793864,
    "sentKBytesPerSec" : 14.37455031194468
  },
  "Read Album" : {
    "transaction" : "Read Album",
    "sampleCount" : 14654,
    "errorCount" : 0,
    "errorPct" : 0.0,
    "meanResTime" : 6.350825713115904,
    "medianResTime" : 4.0,
    "minResTime" : 2.0,
    "maxResTime" : 333.0,
    "pct1ResTime" : 8.0,
    "pct2ResTime" : 20.0,
    "pct3ResTime" : 63.45000000000073,
    "throughput" : 113.25012558445071,
    "receivedKBytesPerSec" : 583.6141725675258,
    "sentKBytesPerSec" : 14.266861523822403
  },
  "Create Playlist" : {
    "transaction" : "Create Playlist",
    "sampleCount" : 14651,
    "errorCount" : 225,
    "errorPct" : 1.5357313,
    "meanResTime" : 2.6122448979591564,
    "medianResTime" : 2.0,
    "minResTime" : 1.0,
    "maxResTime" : 194.0,
    "pct1ResTime" : 4.0,
    "pct2ResTime" : 6.0,
    "pct3ResTime" : 19.0,
    "throughput" : 113.17183951551854,
    "receivedKBytesPerSec" : 70.08056848070417,
    "sentKBytesPerSec" : 35.5872385976533
  }
}