{
  "Read Genre" : {
    "transaction" : "Read Genre",
    "sampleCount" : 21433,
    "errorCount" : 0,
    "errorPct" : 0.0,
    "meanResTime" : 8.871459898287679,
    "medianResTime" : 5.0,
    "minResTime" : 2.0,
    "maxResTime" : 739.0,
    "pct1ResTime" : 10.0,
    "pct2ResTime" : 34.0,
    "pct3ResTime" : 95.0,
    "throughput" : 103.38473708836398,
    "receivedKBytesPerSec" : 1490.1940619377465,
    "sentKBytesPerSec" : 13.024053793358352
  },
  "Total" : {
    "transaction" : "Total",
    "sampleCount" : 190903,
    "errorCount" : 0,
    "errorPct" : 0.0,
    "meanResTime" : 5.77667192238987,
    "medianResTime" : 4.0,
    "minResTime" : 1.0,
    "maxResTime" : 739.0,
    "pct1ResTime" : 6.0,
    "pct2ResTime" : 9.0,
    "pct3ResTime" : 65.0,
    "throughput" : 902.5719824121791,
    "receivedKBytesPerSec" : 5023.282554792031,
    "sentKBytesPerSec" : 164.2510669191173
  },
  "Update Playlist Name" : {
    "transaction" : "Update Playlist Name",
    "sampleCount" : 20437,
    "errorCount" : 0,
    "errorPct" : 0.0,
    "meanResTime" : 2.939619317903798,
    "medianResTime" : 2.0,
    "minResTime" : 1.0,
    "maxResTime" : 65.0,
    "pct1ResTime" : 3.0,
    "pct2ResTime" : 5.0,
    "pct3ResTime" : 22.0,
    "throughput" : 98.73376137126735,
    "receivedKBytesPerSec" : 39.22612143311786,
    "sentKBytesPerSec" : 34.212297613483194
  },
  "Delete Playlist" : {
    "transaction" : "Delete Playlist",
    "sampleCount" : 20436,
    "errorCount" : 0,
    "errorPct" : 0.0,
    "meanResTime" : 2.7199060481503023,
    "medianResTime" : 2.0,
    "minResTime" : 1.0,
    "maxResTime" : 162.0,
    "pct1ResTime" : 3.0,
    "pct2ResTime" : 4.0,
    "pct3ResTime" : 18.0,
    "throughput" : 98.7456270898162,
    "receivedKBytesPerSec" : 18.41837380288564,
    "sentKBytesPerSec" : 21.548256709759563
  },
  "Read Playlist" : {
    "transaction" : "Read Playlist",
    "sampleCount" : 21431,
    "errorCount" : 0,
    "errorPct" : 0.0,
    "meanResTime" : 5.476412673230368,
    "medianResTime" : 3.0,
    "minResTime" : 1.0,
    "maxResTime" : 728.0,
    "pct1ResTime" : 5.0,
    "pct2ResTime" : 11.0,
    "pct3ResTime" : 69.9900000000016,
    "throughput" : 103.39254527735697,
    "receivedKBytesPerSec" : 182.35052419033858,
    "sentKBytesPerSec" : 13.327945289659299
  },
  "Login" : {
    "transaction" : "Login",
    "sampleCount" : 42870,
    "errorCount" : 0,
    "errorPct" : 0.0,
    "meanResTime" : 6.558525775600682,
    "medianResTime" : 4.0,
    "minResTime" : 2.0,
    "maxResTime" : 602.0,
    "pct1ResTime" : 6.0,
    "pct2ResTime" : 10.0,
    "pct3ResTime" : 70.0,
    "throughput" : 205.74373938166497,
    "receivedKBytesPerSec" : 1283.6882333100168,
    "sentKBytesPerSec" : 25.717967422708117
  },
  "Read Artist" : {
    "transaction" : "Read Artist",
    "sampleCount" : 21434,
    "errorCount" : 0,
    "errorPct" : 0.0,
    "meanResTime" : 8.551273677335127,
    "medianResTime" : 4.0,
    "minResTime" : 2.0,
    "maxResTime" : 599.0,
    "pct1ResTime" : 9.0,
    "pct2ResTime" : 31.0,
    "pct3ResTime" : 94.0,
    "throughput" : 103.26155032037384,
    "receivedKBytesPerSec" : 1530.7718104133546,
    "sentKBytesPerSec" : 13.109376505516211
  },
  "Read Album" : {
    "transaction" : "Read Album",
    "sampleCount" : 21433,
    "errorCount" : 0,
    "errorPct" : 0.0,
    "meanResTime" : 6.937479587551884,
    "medianResTime" : 4.0,
    "minResTime" : 2.0,
    "maxResTime" : 605.0,
    "pct1ResTime" : 7.0,
    "pct2ResTime" : 20.0,
    "pct3ResTime" : 83.0,
    "throughput" : 103.30451044468222,
    "receivedKBytesPerSec" : 532.3612320474493,
    "sentKBytesPerSec" : 13.013947116566413
  },
  "Create Playlist" : {
    "transaction" : "Create Playlist",
    "sampleCount" : 21429,
    "errorCount" : 0,
    "errorPct" : 0.0,
    "meanResTime" : 3.1020112931074855,
    "medianResTime" : 3.0,
    "minResTime" : 1.0,
    "maxResTime" : 230.0,
    "pct1ResTime" : 4.0,
    "pct2ResTime" : 5.0,
    "pct3ResTime" : 19.0,
    "throughput" : 101.85999420088699,
    "receivedKBytesPerSec" : 38.687647465918324,
    "sentKBytesPerSec" : 33.0692043331733
  }
}